1635936300000,552.80000000,553.90000000,551.30000000,551.60000000,8723.77200000,1635937199999,4821501.38980000,8543,4625.15600000,2556499.44110000,0
1635937200000,551.60000000,552.40000000,548.00000000,548.60000000,14177.65200000,1635938099999,7803937.79630000,13919,6878.07500000,3786090.97250000,0
1635938100000,548.60000000,551.00000000,548.40000000,550.90000000,8433.80300000,1635938999999,4638725.91160000,11558,4148.31200000,2281825.43410000,0
1635939000000,550.90000000,552.30000000,550.50000000,552.00000000,7541.95800000,1635939899999,4159787.18670000,10521,3866.75300000,2132685.18430000,0
1635939900000,552.00000000,553.00000000,551.90000000,552.40000000,8662.04700000,1635940799999,4785375.69210000,12020,4287.71100000,2368843.41710000,0
1635940800000,552.40000000,552.80000000,548.20000000,548.60000000,10774.50100000,1635941699999,5932771.01950000,10674,5317.06100000,2928070.57660000,0
1635941700000,548.60000000,550.50000000,545.20000000,545.30000000,12779.16400000,1635942599999,7004306.40360000,12887,5892.34400000,3230789.49690000,0
1635942600000,545.20000000,548.30000000,542.80000000,543.80000000,24342.05300000,1635943499999,13278143.45050000,16729,9385.71600000,5120473.02270000,0
1635943500000,543.80000000,544.90000000,539.00000000,543.30000000,27351.67600000,1635944399999,14817242.10830000,25160,12759.76800000,6912420.06500000,0
1635944400000,543.30000000,546.50000000,541.40000000,546.30000000,14139.05700000,1635945299999,7703347.46030000,11956,7611.67300000,4147380.92680000,0
1635945300000,546.20000000,546.80000000,543.40000000,543.90000000,9260.51100000,1635946199999,5045596.29910000,9509,4532.50300000,2469681.85320000,0
1635946200000,544.00000000,545.30000000,538.60000000,539.20000000,20290.34500000,1635947099999,10985327.83020000,14317,10375.77600000,5618125.02300000,0
1635947100000,539.20000000,542.50000000,537.50000000,540.70000000,26408.50300000,1635947999999,14255022.56320000,16360,13069.99600000,7055044.30670000,0
1635948000000,540.70000000,542.70000000,537.50000000,542.60000000,16603.27200000,1635948899999,8966603.46090000,13471,8237.96400000,4449755.54410000,0
1635948900000,542.60000000,544.20000000,541.60000000,543.90000000,11927.63000000,1635949799999,6479031.48330000,10893,6521.36400000,3542736.30660000,0
1635949800000,543.90000000,544.20000000,541.70000000,542.90000000,8190.87800000,1635950699999,4447248.10780000,8533,4319.93600000,2345638.29840000,0
1635950700000,542.80000000,547.90000000,542.40000000,544.60000000,21140.53200000,1635951599999,11531742.30600000,12248,12263.94800000,6690793.83330000,0
1635951600000,544.60000000,545.00000000,543.10000000,544.70000000,10789.31100000,1635952499999,5868767.49960000,10405,5909.29300000,3214326.31130000,0
1635952500000,544.70000000,558.90000000,543.10000000,548.80000000,26929.22100000,1635953399999,14767625.75410000,19663,17663.32500000,9697472.68070000,0
1635953400000,548.90000000,549.50000000,546.40000000,547.80000000,12492.09300000,1635954299999,6848184.29520000,11553,6589.29500000,3612367.19930000,0
1635954300000,547.90000000,550.00000000,546.90000000,549.70000000,11216.92200000,1635955199999,6153089.80140000,10607,6105.75800000,3349394.69160000,0
1635955200000,549.70000000,551.50000000,549.40000000,551.30000000,12235.23100000,1635956099999,6733756.44770000,10651,6531.50800000,3594738.27420000,0
1635956100000,551.30000000,551.40000000,549.40000000,549.60000000,10135.93700000,1635956999999,5580047.06390000,9276,4913.96300000,2705825.23410000,0
1635957000000,549.60000000,550.30000000,547.30000000,548.70000000,11082.97100000,1635957899999,6081135.54580000,9845,5621.17100000,3084333.05810000,0
1635957900000,548.70000000,549.30000000,547.00000000,548.30000000,9241.91600000,1635958799999,5064891.37630000,8620,5054.66900000,2770309.50080000,0
1635958800000,548.40000000,550.70000000,548.20000000,550.50000000,11377.95800000,1635959699999,6253390.48740000,11553,6547.73900000,3598785.88130000,0
1635959700000,550.50000000,554.50000000,550.40000000,554.30000000,14327.22500000,1635960599999,7915424.43340000,14274,8342.15500000,4608835.43090000,0
1635960600000,554.20000000,554.60000000,553.30000000,553.80000000,10187.33000000,1635961499999,5643502.72120000,12034,5447.56800000,3017985.22570000,0
1635961500000,553.70000000,554.60000000,551.50000000,554.30000000,11642.22500000,1635962399999,6436054.79740000,12130,5866.57500000,3243831.38020000,0
1635962400000,554.40000000,557.90000000,548.90000000,556.90000000,38813.17100000,1635963299999,21481845.99500000,29031,20344.08000000,11264005.89220000,0
1635963300000,556.90000000,560.00000000,556.00000000,556.80000000,22352.61700000,1635964199999,12476190.96930000,23897,12399.19500000,6920741.09950000,0
1635964200000,556.70000000,559.90000000,556.60000000,559.80000000,16640.46000000,1635965099999,9299277.32840000,15449,9113.84800000,5092849.25100000,0
1635965100000,559.70000000,562.80000000,558.90000000,562.50000000,28864.46500000,1635965999999,16180320.46540000,22717,18886.87400000,10588422.39690000,0
1635966000000,562.50000000,563.60000000,559.80000000,561.50000000,25289.42400000,1635966899999,14216629.90010000,19885,12507.77400000,7031053.82310000,0
1635966900000,561.50000000,562.50000000,559.70000000,561.60000000,13421.44500000,1635967799999,7534876.51080000,10046,6954.13600000,3904314.32950000,0
1635967800000,561.50000000,562.50000000,560.30000000,562.20000000,11248.64600000,1635968699999,6317926.61710000,9521,6094.21500000,3422975.91500000,0
1635968700000,562.20000000,562.40000000,561.00000000,561.10000000,9481.04600000,1635969599999,5326146.56370000,9447,5097.21900000,2863659.08790000,0
1635969600000,561.10000000,563.20000000,561.00000000,562.60000000,11452.18800000,1635970499999,6438202.04040000,10631,6109.20800000,3434526.89920000,0
1635970500000,562.60000000,563.40000000,561.20000000,562.60000000,11457.33100000,1635971399999,6444038.81290000,10246,6447.08100000,3626369.59890000,0
1635971400000,562.60000000,563.60000000,561.80000000,563.20000000,14451.69500000,1635972299999,8133048.25440000,12187,7926.04400000,4460797.43110000,0
1635972300000,563.20000000,566.80000000,563.00000000,566.10000000,21232.03980000,1635973199999,12000508.57147000,27967,11710.87780000,6618718.03212000,0
1635973200000,566.20000000,570.10000000,566.00000000,569.20000000,24228.00180000,1635974099999,13774209.01324200,25751,13563.02820000,7710713.63094200,0
1635974100000,569.20000000,569.90000000,568.60000000,569.60000000,12427.03000000,1635974999999,7074373.99990000,11280,6225.50300000,3544373.98690000,0
1635975000000,569.70000000,570.00000000,568.60000000,569.80000000,10456.18000000,1635975899999,5952661.72890000,10281,5743.50900000,3269980.69500000,0
1635975900000,569.70000000,569.90000000,566.80000000,568.60000000,16815.13500000,1635976799999,9559224.20970000,10652,9632.83900000,5476034.57960000,0
1635976800000,568.60000000,569.30000000,566.80000000,566.90000000,11527.93400000,1635977699999,6549912.16720000,9451,6492.63900000,3689037.96820000,0
1635977700000,566.90000000,569.10000000,565.80000000,566.70000000,15239.92300000,1635978599999,8652538.99270000,9822,7215.79400000,4095524.22670000,0
1635978600000,566.70000000,568.90000000,540.00000000,566.20000000,27860.74800000,1635979499999,15667056.64830000,31769,10861.40000000,6137428.14700000,0
1635979500000,566.20000000,567.80000000,565.20000000,566.90000000,11066.76300000,1635980399999,6271672.57280000,9791,5853.50400000,3317771.33590000,0
1635980400000,566.90000000,568.20000000,562.80000000,563.00000000,20755.92800000,1635981299999,11735010.45570000,11300,11818.75600000,6679311.73830000,0
1635981300000,563.00000000,567.30000000,562.90000000,567.00000000,9977.47000000,1635982199999,5646354.43630000,8424,5458.22200000,3088346.11490000,0
1635982200000,566.90000000,569.90000000,566.70000000,569.00000000,11240.68400000,1635983099999,6387684.11090000,9570,6162.20800000,3501865.23230000,0
1635983100000,569.00000000,569.30000000,565.40000000,568.40000000,13487.21400000,1635983999999,7660178.97830000,9300,6448.38300000,3663299.54730000,0
1635984000000,568.40000000,568.90000000,566.30000000,567.80000000,9833.77500000,1635984899999,5580456.35530000,8453,5014.62400000,2845960.59150000,0
1635984900000,567.80000000,568.00000000,565.60000000,566.30000000,10977.22300000,1635985799999,6217603.93730000,7864,5779.22800000,3273195.93260000,0
1635985800000,566.30000000,566.90000000,562.40000000,563.00000000,12399.27500000,1635986699999,7000093.68830000,8925,5530.83500000,3122677.95580000,0
1635986700000,563.10000000,564.00000000,561.30000000,564.00000000,7359.63500000,1635987599999,4141490.78000000,7799,3685.41100000,2074105.72380000,0
1635987600000,564.00000000,564.10000000,561.70000000,562.10000000,8099.13800000,1635988499999,4556524.28390000,7243,3686.58900000,2074150.12790000,0
1635988500000,562.10000000,563.20000000,561.50000000,562.00000000,6617.92000000,1635989399999,3722537.53900000,6543,3336.21000000,1876769.79360000,0
1635989400000,562.00000000,562.80000000,560.90000000,562.40000000,6999.20100000,1635990299999,3933061.02850000,6522,3590.31500000,2017681.83160000,0
1635990300000,562.40000000,563.30000000,561.50000000,561.60000000,7226.02100000,1635991199999,4063620.69340000,6245,3736.09100000,2101088.54790000,0
1635991200000,561.50000000,564.30000000,561.20000000,563.70000000,9441.96300000,1635992099999,5314327.54180000,7543,5367.16000000,3021070.68760000,0
1635992100000,563.70000000,563.90000000,562.00000000,563.20000000,8500.42500000,1635992999999,4784921.83250000,6450,4711.53900000,2652276.69810000,0
1635993000000,563.20000000,563.50000000,559.30000000,561.10000000,9204.54000000,1635993899999,5170370.35550000,8533,3642.94700000,2046902.59110000,0
1635993900000,561.00000000,561.30000000,558.70000000,560.10000000,5659.05700000,1635994799999,3170047.98290000,6374,2946.23700000,1650531.64000000,0
1635994800000,560.20000000,560.40000000,557.80000000,558.20000000,7351.50600000,1635995699999,4111690.36500000,10047,3622.05100000,2026011.04940000,0
1635995700000,558.30000000,558.40000000,555.70000000,556.70000000,12638.50000000,1635996599999,7036900.85190000,12650,6005.71500000,3343622.56380000,0
1635996600000,556.80000000,558.30000000,556.50000000,557.40000000,6093.83000000,1635997499999,3396765.03020000,8861,3015.51700000,1680913.29060000,0
1635997500000,557.30000000,558.90000000,556.50000000,558.50000000,6186.56100000,1635998399999,3450461.20700000,9408,2776.92700000,1548789.47110000,0
1635998400000,558.50000000,560.10000000,558.20000000,559.70000000,7391.74600000,1635999299999,4134063.26640000,6805,4222.63300000,2361574.19320000,0
1635999300000,559.70000000,560.80000000,558.30000000,558.70000000,8176.31100000,1636000199999,4575196.64660000,7737,4412.18900000,2468766.41460000,0
1636000200000,558.70000000,560.80000000,558.40000000,559.50000000,6272.22300000,1636001099999,3509658.26960000,7299,3349.27700000,1874247.04270000,0
1636001100000,559.40000000,560.00000000,559.10000000,559.60000000,6609.56900000,1636001999999,3698914.82100000,7342,3176.77400000,1777875.02220000,0
1636002000000,559.50000000,560.00000000,558.10000000,559.40000000,9693.60400000,1636002899999,5421832.11980000,9265,5166.56100000,2889837.93590000,0
1636002900000,559.40000000,561.40000000,559.30000000,560.80000000,7414.70100000,1636003799999,4156472.78160000,8069,4163.09500000,2333844.74860000,0
1636003800000,560.80000000,560.90000000,557.30000000,557.30000000,9397.03800000,1636004699999,5256081.74960000,8840,3860.14200000,2159154.21600000,0
1636004700000,557.40000000,558.10000000,556.40000000,556.70000000,7259.46900000,1636005599999,4044722.07370000,8754,3476.48400000,1937168.07930000,0
1636005600000,556.80000000,558.40000000,556.10000000,557.30000000,10379.60600000,1636006499999,5781477.44610000,7700,5334.44600000,2971482.83910000,0
1636006500000,557.30000000,558.30000000,556.90000000,558.10000000,7104.82100000,1636007399999,3962265.74760000,6245,3618.75600000,2018213.10960000,0
1636007400000,558.10000000,560.00000000,557.30000000,558.70000000,9228.69100000,1636008299999,5158061.54910000,7256,4772.90500000,2667805.10670000,0
1636008300000,558.80000000,561.10000000,558.70000000,560.20000000,13081.19700000,1636009199999,7327096.87020000,8551,7116.29700000,3985735.31820000,0
1636009200000,560.20000000,561.50000000,559.70000000,559.90000000,9738.68300000,1636010099999,5461837.64330000,7507,4943.14100000,2772348.20870000,0
1636010100000,559.90000000,560.80000000,558.60000000,558.90000000,10682.86900000,1636010999999,5980424.98200000,7926,5636.52800000,3155694.99770000,0
1636011000000,559.00000000,559.50000000,557.10000000,557.20000000,10902.72700000,1636011899999,6085702.29750000,8468,5006.15600000,2795153.15810000,0
1636011900000,557.30000000,557.30000000,552.50000000,553.10000000,25378.30100000,1636012799999,14080040.58560000,16077,10746.08800000,5962092.63300000,0
1636012800000,553.10000000,554.30000000,550.00000000,553.50000000,39814.03100000,1636013699999,21978481.42500000,26849,21078.02300000,11636754.08710000,0
1636013700000,553.60000000,557.80000000,552.90000000,556.40000000,17793.07700000,1636014599999,9878756.76300000,14109,9527.87300000,5290265.88070000,0
1636014600000,556.40000000,556.40000000,551.40000000,553.10000000,13968.23900000,1636015499999,7735409.97090000,12195,6753.28100000,3740521.12730000,0
1636015500000,553.10000000,553.10000000,550.60000000,551.90000000,14976.21500000,1636016399999,8263371.82390000,9744,7511.85500000,4145377.03780000,0
1636016400000,551.90000000,554.10000000,550.50000000,553.90000000,17819.17800000,1636017299999,9836811.73500000,12607,9741.52100000,5378407.96910000,0
1636017300000,553.80000000,554.90000000,552.60000000,554.30000000,10286.14500000,1636018199999,5697690.33570000,10449,5390.46900000,2986047.32570000,0
1636018200000,554.40000000,554.40000000,552.00000000,553.50000000,9202.01100000,1636019099999,5087330.20700000,10758,5207.67900000,2879065.71770000,0
1636019100000,553.50000000,555.30000000,553.20000000,555.00000000,8640.97000000,1636019999999,4789726.08730000,10161,4265.38200000,2364708.47430000,0
1636020000000,555.00000000,555.30000000,554.00000000,554.60000000,8528.10600000,1636020899999,4730847.32100000,8401,4170.38000000,2313625.11470000,0
1636020900000,554.50000000,555.30000000,553.50000000,554.00000000,7842.91400000,1636021799999,4346509.62230000,7801,4263.73500000,2363123.91230000,0
1636021800000,554.00000000,555.50000000,552.80000000,555.20000000,9376.60500000,1636022699999,5195216.77780000,9147,4469.69100000,2476376.17720000,0
1636022700000,555.20000000,556.60000000,554.90000000,556.10000000,9503.77400000,1636023599999,5283654.65880000,8830,5459.25600000,3035222.35620000,0
1636023600000,556.10000000,559.40000000,555.50000000,558.70000000,24998.21900000,1636024499999,13938224.15550000,13713,12658.82400000,7059257.42380000,0
1636024500000,558.60000000,558.70000000,556.00000000,556.70000000,8429.06500000,1636025399999,4697191.03630000,8689,4408.76500000,2456805.76730000,0
1636025400000,556.70000000,556.80000000,553.00000000,553.80000000,12678.31800000,1636026299999,7029148.38850000,10554,6059.56900000,3359544.76160000,0
1636026300000,553.80000000,557.10000000,553.40000000,557.00000000,10685.51300000,1636027199999,5935031.51880000,10387,5827.78000000,3237039.28260000,0
1636027200000,556.90000000,559.90000000,555.20000000,558.50000000,15485.98900000,1636028099999,8643485.47610000,14544,8725.65200000,4870568.26220000,0
1636028100000,558.50000000,559.70000000,557.90000000,558.90000000,9510.74500000,1636028999999,5314642.25210000,12534,5255.83300000,2937200.73060000,0
1636029000000,558.80000000,559.10000000,556.50000000,557.00000000,11597.85500000,1636029899999,6463638.08200000,12889,5088.31200000,2835750.89270000,0
1636029900000,556.90000000,558.50000000,556.40000000,558.20000000,10543.61700000,1636030799999,5878215.63530000,12246,5436.24100000,3030949.14570000,0
1636030800000,558.20000000,559.40000000,558.00000000,559.20000000,9564.73200000,1636031699999,5344318.22650000,9281,5216.32600000,2914931.18060000,0
1636031700000,559.30000000,559.30000000,557.00000000,558.40000000,10907.13200000,1636032599999,6086653.55460000,10711,5797.53700000,3235182.09030000,0
1636032600000,558.40000000,559.60000000,555.80000000,556.70000000,16539.59900000,1636033499999,9219672.76270000,10839,8344.04500000,4652165.76300000,0
1636033500000,556.80000000,559.00000000,554.60000000,558.40000000,16379.04800000,1636034399999,9128552.98070000,11489,7355.24200000,4099825.14100000,0
1636034400000,558.40000000,559.70000000,558.00000000,558.90000000,12328.81900000,1636035299999,6891691.25530000,10449,6529.68600000,3650281.59360000,0
1636035300000,558.80000000,559.00000000,556.50000000,556.60000000,10805.83000000,1636036199999,6026226.90990000,9999,5534.95600000,3086819.19250000,0
1636036200000,556.50000000,558.00000000,556.10000000,556.90000000,9775.46600000,1636037099999,5443474.27750000,10287,5369.39600000,2990263.91400000,0
1636037100000,556.90000000,558.10000000,553.90000000,554.40000000,13863.12500000,1636037999999,7705561.97590000,10776,6636.46900000,3689099.40470000,0
1636038000000,554.40000000,554.60000000,548.10000000,548.50000000,24824.33900000,1636038899999,13671334.33590000,19240,11202.02300000,6168685.08100000,0
1636038900000,548.50000000,549.60000000,544.40000000,549.10000000,37265.06800000,1636039799999,20375533.47850000,25655,17502.70300000,9571201.54870000,0
1636039800000,549.20000000,551.40000000,547.70000000,549.50000000,17989.03200000,1636040699999,9891310.25130000,14801,9273.98900000,5099971.35930000,0
1636040700000,549.60000000,549.70000000,546.20000000,547.00000000,16321.97900000,1636041599999,8933988.94780000,13165,7758.95200000,4246223.01760000,0
1636041600000,547.00000000,549.10000000,543.60000000,548.60000000,19363.38700000,1636042499999,10579425.97380000,17705,9188.51900000,5020992.94170000,0
1636042500000,548.50000000,550.30000000,546.60000000,547.50000000,11375.38300000,1636043399999,6236949.20430000,12935,5857.03700000,3211741.25390000,0
1636043400000,547.50000000,547.50000000,544.80000000,546.60000000,13140.46500000,1636044299999,7174129.46630000,12512,5844.13200000,3190934.34750000,0
1636044300000,546.50000000,549.20000000,546.50000000,548.40000000,11803.13400000,1636045199999,6467778.85530000,11152,6109.89400000,3348396.19690000,0
1636045200000,548.50000000,550.70000000,547.80000000,549.70000000,12406.42700000,1636046099999,6817553.64410000,10029,6387.82700000,3510434.69870000,0
1636046100000,549.80000000,550.20000000,547.30000000,547.40000000,7569.69900000,1636046999999,4153694.14630000,7866,3772.38400000,2070088.31560000,0
1636047000000,547.40000000,549.50000000,546.80000000,548.40000000,10381.34700000,1636047899999,5690697.09630000,8713,5367.95400000,2942553.20070000,0
1636047900000,548.30000000,549.20000000,546.80000000,546.90000000,10351.67900000,1636048799999,5671738.50820000,8668,4411.71500000,2417284.37260000,0
1636048800000,547.00000000,549.70000000,544.80000000,549.00000000,13843.13500000,1636049699999,7571733.00140000,12724,6734.01600000,3683684.57760000,0
1636049700000,548.90000000,550.90000000,548.80000000,550.60000000,12187.51300000,1636050599999,6704980.85150000,10034,6404.28400000,3523296.56070000,0
1636050600000,550.70000000,552.10000000,550.10000000,551.30000000,10508.56500000,1636051499999,5793644.96270000,9738,5855.49400000,3228132.87340000,0
1636051500000,551.30000000,552.10000000,547.30000000,547.50000000,9586.53000000,1636052399999,5273359.43850000,10340,4405.60300000,2423764.94110000,0
1636052400000,547.50000000,551.20000000,547.20000000,551.00000000,9056.46100000,1636053299999,4973963.76960000,10117,4733.44300000,2599962.63210000,0
1636053300000,551.00000000,552.10000000,550.00000000,552.10000000,8895.56400000,1636054199999,4904907.96480000,9817,4658.02500000,2568588.88250000,0
1636054200000,552.10000000,553.00000000,551.80000000,552.70000000,8269.26900000,1636055099999,4568948.95560000,9898,4319.54800000,2386770.02210000,0
1636055100000,552.80000000,553.10000000,551.70000000,552.80000000,7806.59300000,1636055999999,4311746.53730000,8446,4028.23100000,2224803.28120000,0
1636056000000,552.90000000,552.90000000,551.10000000,552.00000000,7316.94800000,1636056899999,4037646.12230000,8785,4104.98600000,2265327.90700000,0
1636056900000,552.00000000,555.30000000,552.00000000,554.70000000,8450.36800000,1636057799999,4680991.63430000,10386,4217.08400000,2336296.94250000,0
1636057800000,554.80000000,555.00000000,554.00000000,554.70000000,5818.66500000,1636058699999,3226127.82360000,7822,2981.44400000,1653127.02540000,0
1636058700000,554.80000000,556.30000000,554.20000000,555.70000000,7436.10300000,1636059599999,4129774.53620000,9191,3810.02300000,2116085.58670000,0
1636059600000,555.70000000,556.90000000,555.50000000,555.80000000,6866.62100000,1636060499999,3819797.30370000,7627,3448.64600000,1918447.75520000,0
1636060500000,555.80000000,557.00000000,555.40000000,556.80000000,6005.95200000,1636061399999,3340868.48990000,7018,3023.11400000,1681799.86240000,0
1636061400000,556.80000000,557.30000000,554.10000000,556.30000000,7971.29000000,1636062299999,4432373.78990000,8759,3878.79300000,2157187.67440000,0
1636062300000,556.40000000,557.90000000,555.90000000,557.30000000,8754.09500000,1636063199999,4876853.87570000,8101,5457.78700000,3040545.25100000,0
1636063200000,557.20000000,558.00000000,555.00000000,556.70000000,8757.40400000,1636064099999,4872811.17250000,8466,4535.35500000,2523514.26950000,0
1636064100000,556.70000000,558.20000000,556.60000000,558.00000000,9487.38800000,1636064999999,5289568.15570000,7120,4780.07000000,2665021.07650000,0
1636065000000,557.90000000,558.50000000,557.10000000,558.20000000,6713.28200000,1636065899999,3745489.10420000,7429,3377.90900000,1884640.77060000,0
1636065900000,558.10000000,558.40000000,557.40000000,557.60000000,5246.76700000,1636066799999,2926723.82570000,6171,2649.08700000,1477804.74640000,0
1636066800000,557.70000000,558.30000000,556.50000000,557.90000000,7048.94800000,1636067699999,3929880.56440000,6899,3780.25600000,2107812.87790000,0
1636067700000,557.90000000,559.30000000,557.40000000,558.90000000,6293.87100000,1636068599999,3514224.05220000,6767,3579.78400000,1998941.73160000,0
1636068600000,558.90000000,559.20000000,557.70000000,558.60000000,5532.18300000,1636069499999,3089885.81620000,5908,2768.05500000,1546163.06460000,0
1636069500000,558.50000000,559.50000000,557.60000000,558.70000000,7160.11600000,1636070399999,3999968.42720000,6201,4024.91700000,2248652.08690000,0
1636070400000,558.80000000,560.20000000,558.20000000,558.20000000,17018.11500000,1636071299999,9520587.19720000,9935,8381.37600000,4689521.30510000,0
1636071300000,558.20000000,558.50000000,556.30000000,557.30000000,7689.56600000,1636072199999,4285926.24170000,7318,3420.13800000,1906322.05580000,0
1636072200000,557.30000000,558.30000000,555.00000000,556.70000000,9794.11600000,1636073099999,5457796.52540000,7450,4300.87500000,2397182.97640000,0
1636073100000,556.70000000,557.70000000,554.40000000,554.60000000,10898.16500000,1636073999999,6061817.98700000,7776,5948.09200000,3309231.72930000,0
1636074000000,554.70000000,557.50000000,554.10000000,557.50000000,7847.82000000,1636074899999,4363704.87980000,7205,3877.24400000,2156252.29430000,0
1636074900000,557.50000000,557.70000000,556.40000000,557.10000000,7870.39000000,1636075799999,4384469.56170000,5485,4432.02800000,2469065.43930000,0
1636075800000,557.10000000,559.20000000,556.50000000,559.20000000,7815.32900000,1636076699999,4357796.20230000,5928,3715.82100000,2072109.84220000,0
1636076700000,559.30000000,561.80000000,559.00000000,561.70000000,10889.91800000,1636077599999,6099590.43360000,8469,6264.60900000,3508715.22300000,0
1636077600000,561.70000000,563.40000000,561.30000000,562.90000000,11922.77000000,1636078499999,6706410.56450000,10090,6449.02100000,3627610.70300000,0
1636078500000,562.80000000,564.80000000,562.30000000,564.50000000,17184.22400000,1636079399999,9686145.22640000,12370,9231.51700000,5203573.10350000,0
1636079400000,564.50000000,566.80000000,563.40000000,565.10000000,21474.16100000,1636080299999,12138606.67330000,16184,12411.22900000,7015471.95320000,0
1636080300000,565.20000000,566.70000000,565.00000000,566.10000000,11953.10300000,1636081199999,6764338.40650000,7389,5990.15300000,3390073.11700000,0
1636081200000,566.10000000,568.60000000,566.10000000,568.50000000,12267.87200000,1636082099999,6960440.31210000,13053,6966.96500000,3953335.76670000,0
1636082100000,568.50000000,572.40000000,568.00000000,571.10000000,29843.47840000,1636082999999,17024471.54891800,29559,17081.18940000,9744471.83691800,0
1636083000000,571.10000000,576.80000000,569.50000000,575.40000000,31795.78210000,1636083899999,18228821.25898400,26453,17225.81630000,9875572.74758400,0
1636083900000,575.40000000,581.10000000,574.90000000,580.30000000,45985.93270000,1636084799999,26596469.94951700,30530,25543.02930000,14780138.51311700,0
1636084800000,580.40000000,586.70000000,579.70000000,585.10000000,40844.30390000,1636085699999,23831512.89685900,40084,22228.55980000,12969809.91401900,0
1636085700000,585.10000000,588.40000000,582.40000000,585.70000000,42065.59890000,1636086599999,24612720.76460300,22584,22749.48540000,13312770.59600300,0
1636086600000,585.70000000,586.90000000,583.30000000,586.60000000,26005.09500000,1636087499999,15211860.67280000,13554,14616.09700000,8550202.63060000,0
1636087500000,586.60000000,588.00000000,586.00000000,586.80000000,16768.00700000,1636088399999,9844039.09690000,10476,9065.74700000,5321912.26570000,0
1636088400000,586.80000000,587.00000000,583.30000000,584.70000000,24348.73000000,1636089299999,14243502.21870000,12764,10850.39600000,6347175.02030000,0
1636089300000,584.80000000,588.88000000,584.70000000,588.88000000,23318.07540000,1636090199999,13686785.76901400,11863,13026.11340000,7646107.54461400,0
1636090200000,588.88000000,590.80000000,586.10000000,586.50000000,18382.98700000,1636091099999,10819994.87306300,17966,10184.57300000,5995267.95806300,0
1636091100000,586.50000000,588.20000000,585.30000000,587.90000000,12327.07700000,1636091999999,7236932.74610000,9775,6102.57900000,3582950.02220000,0
1636092000000,587.90000000,592.20000000,587.30000000,591.10000000,21837.86720000,1636092899999,12878796.25617000,16970,12111.29620000,7142649.65327000,0
1636092900000,591.10000000,592.10000000,588.30000000,588.60000000,12909.12100000,1636093799999,7612296.67220000,10020,6829.58400000,4026656.86790000,0
1636093800000,588.60000000,591.60000000,588.30000000,590.50000000,16648.56400000,1636094699999,9830638.23230000,9622,7176.42900000,4235234.05950000,0
1636094700000,590.50000000,590.50000000,587.40000000,588.00000000,11357.14300000,1636095599999,6686161.36110000,8586,5793.45800000,3410965.94530000,0
1636095600000,588.10000000,589.70000000,587.40000000,589.70000000,13704.77100000,1636096499999,8063965.49960000,9207,8092.92900000,4761710.71930000,0
1636096500000,589.70000000,590.80000000,588.70000000,590.00000000,10923.13900000,1636097399999,6442576.79800000,8864,6110.01500000,3603856.02500000,0
1636097400000,589.90000000,593.80000000,588.80000000,591.80000000,25724.58830000,1636098299999,15217388.71521500,20655,12935.86230000,7653639.84521500,0
1636098300000,591.90000000,595.00000000,591.10000000,594.60000000,25183.93580000,1636099199999,14933557.01478000,14165,11198.99880000,6640663.15728000,0
1636099200000,594.70000000,596.50000000,589.00000000,590.60000000,25859.56800000,1636100099999,15330473.79067500,23986,11490.77030000,6812805.08847500,0
1636100100000,590.50000000,592.40000000,590.50000000,591.40000000,8903.98400000,1636100999999,5266904.50210000,8505,4744.03100000,2806144.32540000,0
1636101000000,591.30000000,593.30000000,591.30000000,593.10000000,9771.40500000,1636101899999,5786334.60750000,8559,4981.70000000,2950181.11070000,0
1636101900000,593.10000000,594.50000000,589.90000000,592.00000000,26759.48400000,1636102799999,15849408.00040000,12537,15461.76900000,9155948.80850000,0
1636102800000,591.90000000,592.60000000,589.00000000,591.20000000,14219.68200000,1636103699999,8399275.78730000,13380,7577.01600000,4475766.68720000,0
1636103700000,591.20000000,591.70000000,589.30000000,589.30000000,10224.80800000,1636104599999,6038095.28350000,11833,4630.69800000,2734491.79530000,0
1636104600000,589.40000000,590.50000000,586.70000000,589.10000000,23484.59700000,1636105499999,13820873.08150000,20786,12143.32100000,7146489.25660000,0
1636105500000,589.20000000,596.90000000,588.60000000,596.60000000,41748.99690000,1636106399999,24741586.37871400,29284,22661.67890000,13432609.64531400,0
1636106400000,596.70000000,616.90000000,596.00000000,603.90000000,251853.08870000,1636107299999,152502202.89464200,146369,144618.50840000,87528884.11608200,0
1636107300000,604.00000000,609.50000000,600.40000000,604.20000000,60032.74400000,1636108199999,36334221.63150000,31300,32559.39900000,19702211.93960000,0
1636108200000,604.20000000,605.70000000,602.10000000,603.20000000,29028.46700000,1636109099999,17531442.54140000,20167,14021.33400000,8468091.98050000,0
1636109100000,603.20000000,604.00000000,598.80000000,601.20000000,34879.98700000,1636109999999,20960449.87190000,18608,17379.54300000,10445420.01270000,0
1636110000000,601.20000000,606.00000000,600.40000000,604.50000000,23422.86200000,1636110899999,14149456.54030000,18775,11720.74500000,7080480.39250000,0
1636110900000,604.40000000,608.00000000,603.10000000,607.30000000,20502.51700000,1636111799999,12409192.01710000,17926,10550.56500000,6387256.02130000,0
1636111800000,607.30000000,613.50000000,605.90000000,610.10000000,53811.13200000,1636112699999,32865528.20900000,34000,25078.20200000,15312149.54310000,0
1636112700000,610.20000000,611.90000000,604.60000000,608.30000000,31980.09600000,1636113599999,19447520.57360000,23952,14968.40100000,9101718.82950000,0
1636113600000,608.30000000,610.70000000,606.90000000,608.80000000,20582.65800000,1636114499999,12523070.71340000,18956,9863.35900000,6002005.15090000,0
1636114500000,608.70000000,608.80000000,603.00000000,603.10000000,21956.50900000,1636115399999,13302610.66470000,18472,8817.08400000,5340776.64870000,0
1636115400000,603.20000000,607.10000000,602.30000000,603.90000000,21077.60200000,1636116299999,12752832.80880000,18383,10580.47700000,6400437.22640000,0
1636116300000,603.80000000,607.10000000,603.40000000,606.50000000,16593.36400000,1636117199999,10055622.56000000,14985,8143.31200000,4933765.38500000,0
1636117200000,606.50000000,608.90000000,605.80000000,608.50000000,14775.75000000,1636118099999,8982072.23580000,15529,8264.17300000,5024701.57520000,0
1636118100000,608.40000000,609.00000000,604.50000000,605.50000000,16090.51700000,1636118999999,9774691.85010000,16183,7007.14600000,4257211.94910000,0
1636119000000,605.50000000,609.60000000,605.30000000,609.10000000,15594.73700000,1636119899999,9482680.78910000,15491,9147.85400000,5561820.92760000,0
1636119900000,609.20000000,609.70000000,607.10000000,609.30000000,14956.67100000,1636120799999,9104568.64490000,15532,7262.78300000,4420736.71020000,0
1636120800000,609.20000000,609.90000000,607.50000000,607.60000000,13083.83300000,1636121699999,7961609.97520000,12378,6089.04300000,3705695.18790000,0
1636121700000,607.60000000,609.10000000,606.30000000,607.90000000,12927.93600000,1636122599999,7856910.18360000,13498,6360.61100000,3865426.58720000,0
1636122600000,607.90000000,608.60000000,603.70000000,604.10000000,13777.46000000,1636123499999,8353224.52850000,14413,5761.85000000,3494169.31090000,0
1636123500000,604.10000000,605.50000000,600.80000000,601.60000000,20983.76600000,1636124399999,12657098.40070000,17848,9637.29800000,5813353.94770000,0
1636124400000,601.60000000,603.10000000,595.50000000,598.80000000,41806.34400000,1636125299999,25041271.53000000,27590,19565.31300000,11719235.36720000,0
1636125300000,598.90000000,601.40000000,597.10000000,600.90000000,20988.25900000,1636126199999,12578119.11730000,16278,10728.49800000,6429460.12190000,0
1636126200000,600.90000000,602.40000000,598.00000000,598.10000000,15021.96900000,1636127099999,9020606.00070000,13741,7440.57800000,4468645.57290000,0
1636127100000,598.00000000,601.30000000,598.00000000,600.40000000,12747.92300000,1636127999999,7643065.12510000,12079,7093.70100000,4253616.66300000,0
1636128000000,600.40000000,606.30000000,600.40000000,606.10000000,26080.64600000,1636128899999,15740019.51670000,15706,14170.89600000,8553311.75230000,0
1636128900000,606.10000000,608.70000000,604.70000000,608.00000000,22128.75400000,1636129799999,13439417.90990000,15170,11301.30500000,6862890.13730000,0
1636129800000,608.00000000,614.90000000,607.40000000,613.10000000,34176.83600000,1636130699999,20890083.33800000,27519,19296.28400000,11792186.18420000,0
1636130700000,613.00000000,613.20000000,609.60000000,612.60000000,21707.48400000,1636131599999,13272854.11710000,15559,11399.94300000,6971066.82300000,0
1636131600000,612.60000000,612.80000000,610.00000000,610.90000000,18055.97900000,1636132499999,11037646.59540000,12229,9531.96700000,5827272.62500000,0
1636132500000,610.90000000,611.20000000,607.60000000,608.10000000,16119.83600000,1636133399999,9824372.30500000,12490,7487.59600000,4563448.37630000,0
1636133400000,608.20000000,611.80000000,607.90000000,609.80000000,9526.57100000,1636134299999,5815636.72220000,10495,5100.20900000,3113482.40840000,0
1636134300000,609.80000000,610.40000000,608.70000000,610.00000000,10225.33700000,1636135199999,6232619.97780000,9814,5316.26300000,3240507.80840000,0
1636135200000,610.00000000,611.70000000,608.80000000,610.20000000,16239.87200000,1636136099999,9915432.15700000,10686,6557.84000000,4003198.97760000,0
1636136100000,610.20000000,612.40000000,609.90000000,612.00000000,13643.96600000,1636136999999,8340540.05080000,10932,7120.17700000,4352691.29050000,0
1636137000000,612.00000000,612.70000000,610.50000000,612.10000000,11814.50000000,1636137899999,7224441.59760000,10631,5839.52600000,3570920.39440000,0
1636137900000,612.10000000,612.80000000,610.60000000,611.60000000,11082.75300000,1636138799999,6777012.95440000,10365,5507.19600000,3367909.29050000,0
1636138800000,611.70000000,611.70000000,607.50000000,610.00000000,18859.16200000,1636139699999,11491451.49290000,12621,10014.94700000,6101065.82460000,0
1636139700000,610.00000000,610.50000000,607.30000000,608.00000000,8889.36400000,1636140599999,5412867.02860000,9690,3873.01700000,2358500.69030000,0
1636140600000,607.90000000,608.70000000,604.30000000,605.30000000,12332.11300000,1636141499999,7478457.17760000,12656,5222.80900000,3167760.68440000,0
1636141500000,605.30000000,607.50000000,603.50000000,607.10000000,15194.72900000,1636142399999,9195192.85300000,11179,6903.51800000,4178608.20230000,0
1636142400000,607.10000000,607.10000000,604.50000000,604.90000000,10940.95900000,1636143299999,6622045.48650000,9381,5340.87600000,3232820.09600000,0
1636143300000,604.90000000,605.10000000,601.90000000,602.10000000,15430.73400000,1636144199999,9312890.32080000,10811,6051.50700000,3652119.66860000,0
1636144200000,602.00000000,602.90000000,600.90000000,602.60000000,11827.13800000,1636145099999,7118335.27280000,11421,6120.08700000,3683835.59290000,0
1636145100000,602.60000000,604.60000000,601.80000000,603.90000000,9265.83100000,1636145999999,5592713.59730000,9013,4863.65100000,2935748.95610000,0
1636146000000,603.90000000,607.80000000,603.00000000,607.60000000,11746.27100000,1636146899999,7116613.26400000,9592,5818.48300000,3525407.00730000,0
1636146900000,607.70000000,609.50000000,607.00000000,609.20000000,10302.10300000,1636147799999,6268667.78500000,9687,4812.79900000,2928675.73870000,0
1636147800000,609.30000000,609.60000000,606.80000000,607.30000000,9332.30900000,1636148699999,5678341.71640000,9856,4987.45600000,3035209.28600000,0
1636148700000,607.30000000,607.90000000,605.10000000,606.10000000,9099.21000000,1636149599999,5517878.80950000,8759,4638.35700000,2813083.79330000,0
1636149600000,606.20000000,606.30000000,604.40000000,606.20000000,14973.36600000,1636150499999,9062701.41500000,9921,9270.87500000,5611251.58780000,0
1636150500000,606.20000000,607.90000000,606.10000000,607.20000000,8811.60900000,1636151399999,5349336.23540000,8216,4348.08200000,2639835.51310000,0
1636151400000,607.10000000,607.40000000,605.40000000,605.90000000,6147.07800000,1636152299999,3727466.17880000,6950,3185.60400000,1931756.67740000,0
1636152300000,606.00000000,607.50000000,605.80000000,606.40000000,5388.97400000,1636153199999,3270616.17120000,6826,2693.02300000,1634335.12500000,0
1636153200000,606.40000000,606.50000000,602.10000000,603.70000000,11668.33400000,1636154099999,7047002.77660000,8938,5465.76300000,3300584.28940000,0
1636154100000,603.70000000,604.80000000,602.60000000,603.50000000,6221.26600000,1636154999999,3755856.06540000,6663,3142.86900000,1897359.99520000,0
1636155000000,603.50000000,607.30000000,602.60000000,607.00000000,9400.85200000,1636155899999,5687929.20360000,7630,4694.82600000,2840794.12740000,0
1636155900000,607.00000000,608.40000000,606.60000000,607.30000000,9263.14500000,1636156799999,5627005.50940000,8027,4555.03800000,2767155.71620000,0
1636156800000,607.30000000,608.10000000,603.30000000,604.30000000,14117.63000000,1636157699999,8551015.73260000,9620,6684.94600000,4048905.81920000,0
1636157700000,604.30000000,608.70000000,603.20000000,607.80000000,12337.57800000,1636158599999,7486911.91870000,8636,6138.99500000,3724388.04700000,0
1636158600000,607.90000000,608.40000000,605.40000000,608.00000000,10802.62600000,1636159499999,6555852.30800000,8116,5958.31300000,3616092.85460000,0
1636159500000,607.90000000,615.50000000,607.60000000,614.40000000,36528.04800000,1636160399999,22398431.29540000,21503,19180.37100000,11761220.25340000,0
1636160400000,614.40000000,616.00000000,610.30000000,610.80000000,22443.36400000,1636161299999,13761365.77310000,15197,10294.37500000,6311852.78240000,0
1636161300000,610.90000000,611.00000000,608.10000000,610.20000000,9395.38300000,1636162199999,5725141.47640000,9610,4884.91100000,2976593.62870000,0
1636162200000,610.30000000,612.60000000,609.70000000,611.10000000,8892.94800000,1636163099999,5434928.62670000,8330,4614.73900000,2820460.91270000,0
1636163100000,611.20000000,611.20000000,609.70000000,610.20000000,8395.94100000,1636163999999,5124577.09930000,6920,4413.47900000,2693927.71530000,0
1636164000000,610.20000000,610.70000000,606.70000000,607.00000000,9898.66500000,1636164899999,6021429.83860000,8633,4766.39000000,2899780.22670000,0
1636164900000,606.90000000,607.60000000,603.80000000,604.80000000,18152.72100000,1636165799999,10997018.60580000,10094,8074.79400000,4892457.58190000,0
1636165800000,604.70000000,604.80000000,602.20000000,602.40000000,16840.50800000,1636166699999,10161121.16870000,8802,6388.60300000,3855111.12770000,0
1636166700000,602.40000000,604.10000000,601.50000000,603.10000000,16405.75500000,1636167599999,9889094.84410000,8541,8038.00000000,4845272.65590000,0
1636167600000,603.00000000,604.80000000,602.20000000,604.60000000,9210.13400000,1636168499999,5556626.65970000,7496,4708.89200000,2840856.91010000,0
1636168500000,604.50000000,610.70000000,603.70000000,609.10000000,29051.91200000,1636169399999,17679769.88320000,10886,11699.22800000,7109893.75890000,0
1636169400000,609.20000000,609.40000000,606.60000000,607.30000000,9783.63500000,1636170299999,5947163.15110000,8064,4493.44200000,2731468.76090000,0
1636170300000,607.30000000,608.60000000,607.10000000,608.40000000,4463.67300000,1636171199999,2713955.69060000,5751,2328.04800000,1415486.54640000,0
1636171200000,608.30000000,608.70000000,607.30000000,608.10000000,6566.73900000,1636172099999,3992273.58740000,6330,3557.15400000,2162641.05740000,0
1636172100000,608.10000000,608.80000000,606.20000000,608.00000000,9722.52000000,1636172999999,5907896.01940000,7357,4095.14800000,2488572.03700000,0
1636173000000,608.00000000,608.80000000,607.40000000,608.40000000,6155.34000000,1636173899999,3742293.15190000,5728,3604.51800000,2191364.95890000,0
1636173900000,608.40000000,610.20000000,608.20000000,609.40000000,9165.85100000,1636174799999,5586252.45170000,6555,4756.43600000,2898680.81660000,0
1636174800000,609.40000000,610.50000000,608.70000000,608.90000000,6245.05500000,1636175699999,3807225.02050000,5638,3114.40900000,1898440.61390000,0
1636175700000,608.90000000,609.00000000,607.90000000,608.10000000,4605.51100000,1636176599999,2802156.42060000,5091,2548.62900000,1550736.38060000,0
1636176600000,608.20000000,614.40000000,608.10000000,614.00000000,15397.05600000,1636177499999,9412105.83620000,9652,8405.30500000,5138530.93940000,0
1636177500000,614.10000000,621.10000000,612.10000000,618.10000000,48589.15120000,1636178399999,29987517.39767800,40242,24833.51090000,15331985.00047800,0
1636178400000,618.10000000,619.30000000,615.10000000,615.80000000,21923.24400000,1636179299999,13540191.50550000,14045,8358.16600000,5161174.05020000,0
1636179300000,615.80000000,617.50000000,614.70000000,616.50000000,16845.88900000,1636180199999,10382258.59230000,11951,8730.12400000,5379809.06690000,0
1636180200000,616.40000000,622.50000000,616.10000000,620.60000000,20240.00250000,1636181099999,12543795.08821200,17874,10427.19950000,6462377.72051200,0
1636181100000,620.60000000,621.40000000,618.50000000,621.30000000,17056.68800000,1636181999999,10577342.76290000,12429,7622.92500000,4726554.83210000,0
1636182000000,621.20000000,623.90000000,619.60000000,620.00000000,16338.20000000,1636182899999,10162887.20191800,16641,8115.49900000,5048873.65501800,0
1636182900000,620.00000000,620.20000000,614.70000000,615.30000000,20762.25500000,1636183799999,12814111.56280000,15783,9418.91500000,5813848.70660000,0
1636183800000,615.40000000,616.70000000,613.40000000,614.30000000,16589.90700000,1636184699999,10201108.97190000,13844,7728.13700000,4752683.23800000,0
1636184700000,614.30000000,618.30000000,613.50000000,618.10000000,13253.17900000,1636185599999,8160287.42650000,11458,6567.79200000,4044809.39440000,0
1636185600000,618.10000000,621.80000000,616.00000000,620.40000000,20423.35900000,1636186499999,12647282.38690000,13211,10324.10100000,6394319.95370000,0
1636186500000,620.40000000,621.40000000,615.30000000,616.30000000,22538.08000000,1636187399999,13942866.15760000,13520,10939.20600000,6766407.98750000,0
1636187400000,616.20000000,617.50000000,615.20000000,616.10000000,7212.49700000,1636188299999,4445260.10970000,9548,3826.57500000,2358593.97410000,0
1636188300000,616.20000000,617.90000000,615.30000000,617.70000000,12962.81600000,1636189199999,7992780.08080000,10368,7156.35800000,4412916.73830000,0
1636189200000,617.70000000,618.80000000,615.60000000,617.00000000,14117.50900000,1636190099999,8717434.15680000,7827,5623.50400000,3471706.62640000,0
1636190100000,617.00000000,620.40000000,616.90000000,619.30000000,14709.67400000,1636190999999,9107359.58170000,8757,8144.43100000,5042011.96610000,0
1636191000000,619.40000000,620.00000000,618.00000000,618.20000000,12417.74900000,1636191899999,7686934.92460000,7565,7019.79300000,4345318.21250000,0
1636191900000,618.20000000,618.80000000,616.50000000,616.70000000,7324.36200000,1636192799999,4523567.16510000,6788,3990.54200000,2464922.04000000,0
1636192800000,616.60000000,618.30000000,616.20000000,618.00000000,6975.03600000,1636193699999,4306322.53310000,7242,3581.59200000,2211278.70800000,0
1636193700000,618.00000000,618.50000000,614.90000000,615.10000000,9589.32700000,1636194599999,5913377.64870000,8353,3935.67500000,2427407.00260000,0
1636194600000,615.00000000,615.80000000,609.50000000,609.60000000,19746.87400000,1636195499999,12088175.14750000,15972,9214.37400000,5642592.76480000,0
1636195500000,609.70000000,611.80000000,607.40000000,609.20000000,21122.39900000,1636196399999,12875593.57500000,15275,10641.95200000,6487433.62940000,0
1636196400000,609.30000000,609.30000000,600.30000000,606.20000000,49139.26300000,1636197299999,29711134.92660000,29606,21983.49700000,13293875.54090000,0
1636197300000,606.20000000,612.20000000,605.80000000,607.00000000,30006.92000000,1636198199999,18285270.86960000,17310,16750.13000000,10207541.53340000,0
1636198200000,607.00000000,609.30000000,603.30000000,603.40000000,24417.79600000,1636199099999,14812580.53600000,12240,12650.79100000,7674717.85150000,0
1636199100000,603.40000000,604.80000000,602.00000000,603.90000000,14971.42200000,1636199999999,9034606.45970000,11207,7282.14100000,4394531.74930000,0
1636200000000,604.00000000,605.10000000,598.10000000,598.80000000,27326.91800000,1636200899999,16425512.59330000,16590,12349.79100000,7421302.98430000,0
1636200900000,598.70000000,604.90000000,595.10000000,603.30000000,32733.54300000,1636201799999,19626534.91230000,21860,14813.26100000,8886149.85690000,0
1636201800000,603.30000000,605.20000000,600.90000000,601.70000000,17692.29900000,1636202699999,10667358.91560000,10762,9361.07600000,5643698.58870000,0
1636202700000,601.70000000,601.80000000,597.50000000,599.00000000,14969.73100000,1636203599999,8966911.90530000,10338,6780.45800000,4061483.04360000,0
1636203600000,599.00000000,604.20000000,598.10000000,604.00000000,19063.26100000,1636204499999,11463135.93630000,11481,9867.48700000,5933488.96290000,0
1636204500000,603.90000000,606.00000000,602.30000000,605.00000000,12419.08600000,1636205399999,7507346.99170000,10049,6945.74200000,4199061.16520000,0
1636205400000,605.00000000,605.70000000,602.40000000,605.60000000,9425.94800000,1636206299999,5693209.55720000,8588,5020.34900000,3032553.41470000,0
1636206300000,605.60000000,606.40000000,603.00000000,606.30000000,9441.16100000,1636207199999,5707013.58400000,7580,5056.53800000,3056279.67790000,0
1636207200000,606.30000000,606.40000000,603.00000000,603.20000000,12145.39100000,1636208099999,7342577.64020000,12333,6347.67100000,3837763.73800000,0
1636208100000,603.20000000,605.60000000,603.20000000,605.20000000,8646.49400000,1636208999999,5225536.96950000,11756,5115.34200000,3091900.24530000,0
1636209000000,605.20000000,608.00000000,604.00000000,607.10000000,12803.43100000,1636209899999,7760908.83730000,13375,7055.44900000,4276543.15260000,0
1636209900000,607.10000000,609.90000000,606.80000000,609.30000000,16889.55400000,1636210799999,10280973.87350000,14522,9240.93500000,5625264.97490000,0
1636210800000,609.20000000,612.00000000,608.10000000,611.30000000,16355.14800000,1636211699999,9984351.80320000,13595,9301.94200000,5678665.70770000,0
1636211700000,611.40000000,614.00000000,611.00000000,611.30000000,18345.94000000,1636212599999,11237062.52770000,15346,10488.67200000,6424132.62930000,0
1636212600000,611.30000000,612.00000000,609.20000000,611.60000000,13725.30600000,1636213499999,8377291.28730000,12578,7271.32600000,4438424.75210000,0
1636213500000,611.70000000,613.70000000,610.60000000,610.90000000,9899.92200000,1636214399999,6057861.74280000,11156,5091.20900000,3115143.88110000,0
1636214400000,610.90000000,613.80000000,610.70000000,612.90000000,12361.69400000,1636215299999,7570456.88000000,9120,6631.26000000,4061363.60570000,0
1636215300000,612.90000000,613.40000000,609.60000000,611.00000000,10914.12800000,1636216199999,6670438.27340000,8749,5323.55000000,3253485.00620000,0
1636216200000,611.10000000,611.90000000,609.60000000,610.40000000,7546.62700000,1636217099999,4607818.00200000,7391,4027.73900000,2459177.86920000,0
1636217100000,610.40000000,613.50000000,610.30000000,613.30000000,7444.33800000,1636217999999,4554290.67120000,7025,3538.94400000,2164931.78440000,0
1636218000000,613.40000000,615.20000000,612.20000000,615.00000000,9851.59000000,1636218899999,6045860.51120000,10233,5775.46600000,3545123.70350000,0
1636218900000,615.00000000,616.20000000,614.10000000,614.50000000,13173.28500000,1636219799999,8107292.79940000,14471,6392.59700000,3934344.46450000,0
1636219800000,614.50000000,616.00000000,614.20000000,615.40000000,6869.75100000,1636220699999,4226778.03960000,8583,3037.95500000,1869184.49730000,0
1636220700000,615.40000000,617.00000000,614.50000000,616.90000000,9220.45800000,1636221599999,5678984.43990000,9444,4610.14000000,2839913.65170000,0
1636221600000,617.00000000,618.90000000,616.70000000,618.50000000,11139.85300000,1636222499999,6885016.53490000,11501,6065.48400000,3748912.21960000,0
1636222500000,618.60000000,619.30000000,616.40000000,618.20000000,12756.72800000,1636223399999,7883620.69780000,11739,5229.46400000,3231805.62310000,0
1636223400000,618.20000000,619.10000000,616.20000000,618.90000000,10633.21400000,1636224299999,6569088.10910000,8604,5004.39500000,3091225.34720000,0
1636224300000,618.90000000,619.80000000,617.40000000,619.50000000,11082.11500000,1636225199999,6858914.26380000,8797,5944.29600000,3679138.47170000,0
1636225200000,619.60000000,620.80000000,618.70000000,619.80000000,11578.47100000,1636226099999,7178247.17280000,10495,6659.63100000,4128666.11000000,0
1636226100000,619.90000000,621.90000000,619.80000000,621.60000000,8420.45200000,1636226999999,5230240.85410000,9581,3694.10600000,2294525.09810000,0
1636227000000,621.60000000,624.70000000,621.50000000,623.90000000,19767.22210000,1636227899999,12319794.75983900,24005,10748.13210000,6698091.04713900,0
1636227900000,623.90000000,625.30000000,622.70000000,624.40000000,15524.62200000,1636228799999,9692262.03937300,14510,7966.35400000,4974087.39077300,0
1636228800000,624.40000000,628.00000000,624.30000000,625.20000000,21330.35200000,1636229699999,13362475.53110200,24727,10630.94500000,6659251.12670200,0
1636229700000,625.10000000,626.90000000,622.90000000,626.60000000,12070.47700000,1636230599999,7543285.24530000,13459,6105.86400000,3815526.49300000,0
1636230600000,626.70000000,627.10000000,625.40000000,626.40000000,6688.72200000,1636231499999,4188747.55250000,9989,3198.92000000,2003326.01420000,0
1636231500000,626.40000000,626.90000000,623.70000000,623.70000000,8238.49900000,1636232399999,5149485.85630000,10932,3711.12500000,2319862.66690000,0
1636232400000,623.80000000,627.30000000,623.70000000,626.50000000,7245.29700000,1636233299999,4534670.14240000,10322,3971.60300000,2485273.38320000,0
1636233300000,626.50000000,629.00000000,626.40000000,628.70000000,10382.53950000,1636234199999,6522069.76903000,13744,5791.49750000,3638063.84103000,0
1636234200000,628.80000000,629.90000000,626.90000000,629.60000000,8933.30800000,1636235099999,5615190.72882800,14595,4698.41400000,2953666.40792800,0
1636235100000,629.50000000,629.80000000,626.50000000,627.50000000,5809.21600000,1636235999999,3650523.01090000,11445,2642.42000000,1660671.15320000,0
1636236000000,627.40000000,629.70000000,627.40000000,629.00000000,8190.05500000,1636236899999,5149072.74070000,8601,4338.51000000,2727879.55210000,0
1636236900000,629.00000000,629.30000000,627.50000000,628.70000000,5479.31200000,1636237799999,3443620.66270000,7654,2635.22500000,1656341.46130000,0
1636237800000,628.60000000,630.00000000,628.50000000,629.80000000,7469.92800000,1636238699999,4703380.57105600,8305,4377.83800000,2756782.27525600,0
1636238700000,629.90000000,630.00000000,629.00000000,629.70000000,4824.79500000,1636239599999,3037979.12160000,6464,2657.33200000,1673406.42920000,0
1636239600000,629.70000000,632.70000000,629.30000000,630.20000000,14734.99640000,1636240499999,9295911.68596000,22883,7800.49020000,4920910.15500000,0
1636240500000,630.10000000,634.90000000,629.90000000,634.60000000,10528.34500000,1636241399999,6662393.72012800,12849,5765.96000000,3649774.88822800,0
1636241400000,634.50000000,635.80000000,632.00000000,633.80000000,18990.83250000,1636242299999,12041117.10299700,16795,9033.46870000,5727657.39427700,0
1636242300000,633.80000000,637.80000000,633.70000000,637.70000000,11449.40980000,1636243199999,7274420.18824000,10106,5455.19780000,3466566.12084000,0
1636243200000,637.70000000,637.80000000,632.60000000,634.90000000,14629.42100000,1636244099999,9289185.34180000,17881,7102.99100000,4509995.12170000,0
1636244100000,634.90000000,635.60000000,630.50000000,630.80000000,9411.20800000,1636244999999,5962545.33540000,12657,4322.27700000,2738570.11230000,0
1636245000000,630.80000000,633.60000000,630.80000000,632.30000000,7898.44600000,1636245899999,4995709.92370000,10917,3895.28600000,2463315.90900000,0
1636245900000,632.30000000,635.40000000,631.80000000,635.10000000,11937.14000000,1636246799999,7565113.06740000,11805,6430.48800000,4074988.58820000,0
1636246800000,635.10000000,637.60000000,634.20000000,637.10000000,18181.37800000,1636247699999,11564999.78270000,10832,8700.14200000,5534109.68420000,0
1636247700000,637.10000000,642.20000000,636.50000000,639.00000000,29578.67440000,1636248599999,18928485.91184900,32504,16400.63110000,10494721.36090900,0
1636248600000,638.90000000,639.90000000,638.10000000,639.70000000,11448.08200000,1636249499999,7313602.89000000,7570,6015.75200000,3843294.44140000,0
1636249500000,639.70000000,643.50000000,638.30000000,643.20000000,15813.82600000,1636250399999,10134955.91229600,11530,8194.64200000,5251871.90789600,0
1636250400000,643.30000000,649.20000000,636.10000000,646.40000000,55617.71760000,1636251299999,35897483.66002400,43868,26209.66210000,16920435.25192400,0
1636251300000,646.40000000,646.40000000,641.30000000,642.90000000,18305.10900000,1636252199999,11773770.71160000,10755,9248.27200000,5948322.43450000,0
1636252200000,642.80000000,646.30000000,642.70000000,645.90000000,10294.79400000,1636253099999,6636977.69820000,7766,5403.24600000,3483747.77350000,0
1636253100000,646.00000000,648.00000000,643.50000000,646.70000000,18315.27600000,1636253999999,11829537.32440000,10828,9564.18800000,6177657.33230000,0
1636254000000,646.60000000,647.70000000,643.50000000,643.90000000,23612.81400000,1636254899999,15232222.20990000,10381,13475.82200000,8690736.66000000,0
1636254900000,643.90000000,646.30000000,643.40000000,646.00000000,11665.75500000,1636255799999,7525570.62500000,7747,6182.41100000,3988089.77710000,0
1636255800000,645.90000000,647.60000000,644.50000000,645.20000000,10919.27200000,1636256699999,7054010.09470000,7891,5331.29600000,3443715.03130000,0
1636256700000,645.20000000,647.40000000,644.10000000,646.20000000,9812.45000000,1636257599999,6334210.24070000,7163,5283.29000000,3410471.73230000,0
1636257600000,646.20000000,648.80000000,646.10000000,646.50000000,12219.59800000,1636258499999,7910985.36050000,8156,6397.32500000,4141403.19170000,0
1636258500000,646.60000000,648.80000000,646.50000000,648.20000000,9219.21300000,1636259399999,5975126.36270000,6681,4566.05200000,2959233.51550000,0
1636259400000,648.20000000,656.40000000,647.90000000,655.60000000,42610.75660000,1636260299999,27794948.96354300,38478,24631.67390000,16056876.14679300,0
1636260300000,655.60000000,658.50000000,652.50000000,657.60000000,22993.67120000,1636261199999,15076627.55986900,20684,11381.94810000,7463863.72166900,0
1636261200000,657.60000000,658.20000000,654.90000000,656.80000000,16486.96900000,1636262099999,10824857.92500000,11409,7801.61400000,5122473.62350000,0
1636262100000,656.80000000,659.70000000,654.60000000,655.00000000,23574.13640000,1636262999999,15497832.57051300,15439,12350.82640000,8120564.60371300,0
1636263000000,655.00000000,657.70000000,653.30000000,657.40000000,17678.86200000,1636263899999,11593108.76250000,11238,9404.96600000,6167281.02230000,0
1636263900000,657.40000000,659.50000000,655.80000000,659.20000000,13535.53800000,1636264799999,8903977.27780000,10694,7226.50600000,4753883.92480000,0
1636264800000,659.30000000,665.68000000,659.30000000,663.10000000,34017.73940000,1636265699999,22553717.33612100,40507,18336.01910000,12153687.01245100,0
1636265700000,663.10000000,666.50000000,661.90000000,666.10000000,17028.87840000,1636266599999,11318591.32917300,13443,8973.42510000,5964233.08631300,0
1636266600000,666.10000000,668.50000000,663.70000000,664.80000000,24337.29820000,1636267499999,16218617.93287600,18450,12539.10670000,8355757.12567600,0
1636267500000,664.80000000,666.70000000,659.50000000,660.80000000,24785.08600000,1636268399999,16413943.46730000,15105,11219.71600000,7430571.57710000,0
1636268400000,660.90000000,663.30000000,654.70000000,657.70000000,22561.38100000,1636269299999,14878157.76010000,18889,10909.10500000,7194721.39700000,0
1636269300000,657.70000000,662.40000000,657.30000000,662.20000000,17957.68500000,1636270199999,11847730.35780000,11595,9175.74600000,6053300.19590000,0
1636270200000,662.20000000,664.50000000,659.10000000,660.00000000,17630.45700000,1636271099999,11675900.67350000,10951,8116.69600000,5375569.52660000,0
1636271100000,660.00000000,661.70000000,656.90000000,658.70000000,18387.50500000,1636271999999,12114951.83800000,10731,9586.03700000,6315502.80180000,0
1636272000000,658.70000000,663.90000000,658.40000000,661.50000000,20485.14000000,1636272899999,13564928.04660000,13538,10696.49700000,7083400.74170000,0
1636272900000,661.40000000,663.30000000,660.20000000,663.00000000,15355.82700000,1636273799999,10162921.85010000,11791,7129.41700000,4718541.00160000,0
1636273800000,663.10000000,667.70000000,662.60000000,665.10000000,26386.29500000,1636274699999,17569913.65290000,18594,13786.07600000,9178181.52870000,0
1636274700000,665.10000000,668.20000000,663.60000000,666.50000000,22975.10500000,1636275599999,15306004.39260000,14953,11672.68100000,7776986.13900000,0
1636275600000,666.60000000,667.00000000,661.00000000,664.10000000,18013.28300000,1636276499999,11948613.54330000,12864,8833.32300000,5859571.57070000,0
1636276500000,664.10000000,665.20000000,660.60000000,664.00000000,14905.89500000,1636277399999,9890958.18390000,9554,6512.94300000,4322339.76190000,0
1636277400000,663.90000000,667.60000000,663.90000000,664.60000000,14831.73100000,1636278299999,9876708.58250000,10814,7502.75900000,4996109.89060000,0
1636278300000,664.70000000,668.30000000,663.20000000,667.50000000,17740.41900000,1636279199999,11818687.27360000,11243,10188.87200000,6787504.00910000,0
1636279200000,667.40000000,669.30000000,666.10000000,666.60000000,22240.27050000,1636280099999,14853888.92209900,18514,10942.28150000,7308280.73404900,0
1636280100000,666.60000000,667.60000000,661.80000000,665.30000000,23200.67900000,1636280999999,15418323.58770000,16836,11864.61700000,7884563.76320000,0
1636281000000,665.30000000,667.30000000,663.30000000,663.70000000,15074.53400000,1636281899999,10030775.25950000,12675,7120.31200000,4737552.87660000,0
1636281900000,663.60000000,665.60000000,663.00000000,664.00000000,11865.15200000,1636282799999,7879061.26290000,11376,5584.26800000,3708617.90810000,0
1636282800000,663.90000000,664.90000000,659.50000000,661.90000000,20759.41900000,1636283699999,13730025.92100000,18724,9774.00900000,6464702.54510000,0
1636283700000,661.90000000,662.50000000,660.40000000,662.00000000,11353.21700000,1636284599999,7511658.07470000,13134,5664.58100000,3748023.19710000,0
1636284600000,662.00000000,663.10000000,661.40000000,662.60000000,8199.76400000,1636285499999,5429283.63980000,11816,3652.11600000,2418382.02530000,0
1636285500000,662.60000000,663.40000000,660.20000000,662.80000000,11725.96400000,1636286399999,7758399.57660000,12735,5968.14400000,3949121.35360000,0
1636286400000,662.70000000,664.40000000,657.80000000,658.30000000,16818.92900000,1636287299999,11113108.70310000,16101,7888.00400000,5212861.34050000,0
1636287300000,658.30000000,662.10000000,657.30000000,660.80000000,14833.37700000,1636288199999,9788736.97150000,15393,7788.97600000,5139793.54910000,0
1636288200000,660.80000000,661.00000000,658.40000000,658.80000000,10327.61200000,1636289099999,6808208.26310000,13073,4691.50300000,3092894.29520000,0
1636289100000,658.90000000,658.90000000,654.30000000,654.70000000,22328.03200000,1636289999999,14648621.07880000,20180,9915.99000000,6505893.24540000,0
1636290000000,654.70000000,659.70000000,654.60000000,658.20000000,21415.97300000,1636290899999,14080703.13320000,15720,12307.32200000,8089822.08390000,0
1636290900000,658.20000000,662.60000000,658.00000000,660.80000000,17990.49000000,1636291799999,11874799.91760000,14145,9648.58100000,6368579.94480000,0
1636291800000,660.90000000,662.60000000,659.90000000,662.30000000,10752.40400000,1636292699999,7109301.88250000,10973,5497.80700000,3635131.35070000,0
1636292700000,662.20000000,663.40000000,659.70000000,662.40000000,15191.09800000,1636293599999,10054566.50220000,11759,6979.58000000,4620329.99840000,0
1636293600000,662.50000000,665.50000000,662.00000000,664.50000000,17984.71800000,1636294499999,11941151.95200000,12738,8540.01000000,5670349.50480000,0
1636294500000,664.60000000,667.50000000,663.30000000,667.30000000,18074.36600000,1636295399999,12036240.98410000,14169,9519.30600000,6339147.38270000,0
1636295400000,667.40000000,667.60000000,664.00000000,664.50000000,17297.72300000,1636296299999,11522531.92930000,12845,8547.36000000,5693482.32820000,0
1636296300000,664.50000000,664.60000000,660.40000000,661.40000000,17245.61900000,1636297199999,11416578.45030000,12559,8319.33700000,5506973.97630000,0
1636297200000,661.40000000,664.40000000,660.70000000,661.40000000,12886.75400000,1636298099999,8537051.41030000,10134,6406.77900000,4244116.88640000,0
1636298100000,661.40000000,661.90000000,659.00000000,659.10000000,13450.28300000,1636298999999,8879308.79530000,10824,6175.49000000,4077408.30710000,0
1636299000000,659.20000000,661.40000000,659.00000000,660.90000000,10761.98900000,1636299899999,7106091.13270000,9089,6140.55600000,4054437.69860000,0
1636299900000,660.90000000,660.90000000,658.80000000,660.30000000,7735.61100000,1636300799999,5103547.95710000,9503,3650.68400000,2408650.47830000,0
1636300800000,660.20000000,661.90000000,659.40000000,660.70000000,12172.67100000,1636301699999,8040533.21210000,10152,5704.21000000,3767703.42900000,0
1636301700000,660.60000000,661.90000000,660.30000000,661.50000000,12079.96000000,1636302599999,7985922.18080000,8818,5411.37700000,3577380.48570000,0
1636302600000,661.50000000,662.00000000,661.00000000,661.80000000,10043.10300000,1636303499999,6643268.37790000,9124,5137.41000000,3398444.98330000,0
1636303500000,661.80000000,662.00000000,661.00000000,661.30000000,10315.86400000,1636304399999,6825492.44740000,9517,6240.95900000,4129855.29450000,0
1636304400000,661.30000000,662.00000000,660.40000000,661.40000000,10533.72100000,1636305299999,6964072.45720000,9922,4471.44800000,2956255.82280000,0
1636305300000,661.40000000,662.40000000,661.30000000,661.90000000,6424.23300000,1636306199999,4251713.98750000,8868,3744.96900000,2478599.51580000,0
1636306200000,661.90000000,661.90000000,660.20000000,660.50000000,13077.66500000,1636307099999,8639301.54780000,9619,4139.34900000,2735057.11280000,0
1636307100000,660.50000000,660.50000000,653.30000000,654.70000000,31931.95300000,1636307999999,20980693.34870000,18979,12548.41300000,8243263.60130000,0
1636308000000,654.70000000,656.80000000,651.40000000,653.10000000,27852.18500000,1636308899999,18199172.13310000,20601,12337.04100000,8061016.67900000,0
1636308900000,653.00000000,653.20000000,650.80000000,652.30000000,13482.63300000,1636309799999,8790513.98760000,12251,6910.08800000,4505302.60970000,0
1636309800000,652.30000000,655.40000000,651.90000000,654.40000000,12893.13400000,1636310699999,8433503.87300000,12520,6959.51500000,4552323.36600000,0
1636310700000,654.40000000,655.50000000,653.70000000,654.70000000,8746.06600000,1636311599999,5723876.31010000,9292,4119.91100000,2696205.01110000,0
1636311600000,654.60000000,654.70000000,651.10000000,651.90000000,10367.15300000,1636312499999,6773690.35020000,9822,4777.48300000,3121592.78530000,0
1636312500000,652.00000000,652.40000000,648.40000000,651.90000000,12442.84300000,1636313399999,8100610.72380000,13395,5781.33000000,3763550.25170000,0
1636313400000,652.00000000,654.60000000,651.60000000,654.20000000,7845.35000000,1636314299999,5126555.40700000,8254,3847.91900000,2514357.77730000,0
1636314300000,654.20000000,656.60000000,653.10000000,655.70000000,7486.56200000,1636315199999,4904314.54000000,8457,3818.83400000,2501592.77100000,0
1636315200000,655.70000000,655.70000000,651.60000000,652.60000000,7372.30500000,1636316099999,4817052.16460000,8235,3620.79900000,2365630.34920000,0
1636316100000,652.70000000,655.30000000,652.50000000,655.00000000,5105.08000000,1636316999999,3339820.53780000,6798,2703.94300000,1768881.98490000,0
1636317000000,654.90000000,655.00000000,653.40000000,654.10000000,4869.08800000,1636317899999,3186099.87230000,6108,2179.75300000,1426370.52450000,0
1636317900000,654.00000000,656.90000000,654.00000000,656.70000000,7818.95500000,1636318799999,5127425.78250000,7670,4286.16700000,2810317.53390000,0
1636318800000,656.60000000,657.00000000,654.50000000,654.70000000,7278.07800000,1636319699999,4770084.76670000,9091,3605.75700000,2363173.52080000,0
1636319700000,654.80000000,656.00000000,653.50000000,656.00000000,6371.09800000,1636320599999,4171698.19840000,8948,3438.93800000,2251915.63300000,0
1636320600000,656.00000000,656.70000000,654.50000000,654.90000000,9728.84200000,1636321499999,6379341.43910000,9604,4213.16100000,2762560.30910000,0
1636321500000,654.90000000,655.40000000,652.80000000,653.10000000,6980.76400000,1636322399999,4565044.59020000,8963,3006.91100000,1966200.54560000,0
1636322400000,653.20000000,654.60000000,652.80000000,654.10000000,5689.80000000,1636323299999,3719859.57100000,6735,3058.82700000,1999861.90840000,0
1636323300000,654.10000000,654.50000000,652.30000000,652.40000000,4453.70300000,1636324199999,2909878.97620000,6557,1986.11000000,1297791.33550000,0
1636324200000,652.40000000,652.50000000,649.70000000,650.00000000,10384.14000000,1636325099999,6761182.24350000,10042,4474.78600000,2914203.84900000,0
1636325100000,649.90000000,649.90000000,643.30000000,645.40000000,26136.85000000,1636325999999,16894550.68010000,21968,11690.89100000,7556929.36660000,0
1636326000000,645.40000000,648.90000000,645.10000000,647.00000000,13155.04100000,1636326899999,8509692.68900000,12136,6863.33200000,4439779.23110000,0
1636326900000,647.00000000,649.40000000,646.00000000,648.50000000,6922.50100000,1636327799999,4485637.30630000,7790,3681.04100000,2385417.72490000,0
1636327800000,648.60000000,648.80000000,646.00000000,647.10000000,5437.61100000,1636328699999,3519157.96510000,6778,2923.05900000,1891807.95360000,0
1636328700000,647.00000000,650.00000000,646.40000000,649.60000000,8300.48700000,1636329599999,5380659.43550000,7183,4723.60200000,3062157.40930000,0
1636329600000,649.50000000,649.90000000,643.30000000,643.30000000,23717.00400000,1636330499999,15320313.96210000,15502,13437.98300000,8677996.20930000,0
1636330500000,643.30000000,644.00000000,635.70000000,638.50000000,54351.33700000,1636331399999,34771915.75080000,35248,26777.75300000,17129279.36220000,0
1636331400000,638.50000000,638.70000000,635.40000000,635.60000000,40130.37200000,1636332299999,25552388.92190000,21757,21706.01600000,13819943.49290000,0
1636332300000,635.60000000,639.60000000,635.50000000,636.90000000,31035.16900000,1636333199999,19797072.28180000,22413,17460.84000000,11138873.10070000,0
1636333200000,637.00000000,643.90000000,635.70000000,643.00000000,34009.87900000,1636334099999,21748597.33380000,22952,17434.62500000,11151352.94640000,0
1636334100000,642.90000000,643.70000000,639.70000000,641.30000000,14108.55900000,1636334999999,9050118.88170000,15136,6972.77000000,4472594.38380000,0
1636335000000,641.20000000,641.40000000,638.10000000,638.40000000,10706.67100000,1636335899999,6847984.62840000,12416,4559.12500000,2916529.03900000,0
1636335900000,638.40000000,642.90000000,638.20000000,641.70000000,14985.16400000,1636336799999,9601069.12460000,11771,9028.40700000,5785029.82480000,0
1636336800000,641.70000000,642.60000000,640.30000000,642.00000000,9234.07000000,1636337699999,5921800.54210000,12107,4631.96700000,2970206.19510000,0
1636337700000,642.00000000,642.40000000,639.00000000,639.20000000,11779.21400000,1636338599999,7548486.49410000,12376,5586.13800000,3580417.13140000,0
1636338600000,639.10000000,639.40000000,637.70000000,638.50000000,10239.87500000,1636339499999,6537126.83200000,12461,5452.02300000,3480623.63800000,0
1636339500000,638.50000000,638.60000000,632.80000000,634.40000000,26775.35000000,1636340399999,17018352.70590000,19259,12605.32200000,8010152.68160000,0
1636340400000,634.30000000,636.30000000,631.40000000,635.40000000,23380.97100000,1636341299999,14808899.01720000,14196,11945.65600000,7565367.70460000,0
1636341300000,635.30000000,636.40000000,634.80000000,635.70000000,14419.07000000,1636342199999,9168226.02040000,7988,5889.66100000,3744936.61480000,0
1636342200000,635.70000000,637.90000000,634.80000000,637.90000000,12067.69700000,1636343099999,7676175.18670000,8403,5689.86600000,3619823.23940000,0
1636343100000,637.90000000,639.10000000,636.90000000,638.20000000,11707.23200000,1636343999999,7472157.16340000,8735,5441.10600000,3472679.39590000,0
1636344000000,638.20000000,640.20000000,638.00000000,640.10000000,8968.53000000,1636344899999,5728843.12170000,10148,5018.94600000,3206513.15070000,0
1636344900000,640.00000000,642.10000000,639.70000000,641.50000000,11239.88500000,1636345799999,7204559.90420000,11385,6255.79600000,4010061.67520000,0
1636345800000,641.40000000,641.50000000,637.00000000,637.20000000,14863.67800000,1636346699999,9494770.55210000,11566,6503.75900000,4154352.72900000,0
1636346700000,637.20000000,637.30000000,635.00000000,635.40000000,15258.21000000,1636347599999,9703988.45700000,11820,5758.91000000,3662942.81580000,0
1636347600000,635.50000000,638.30000000,635.20000000,638.10000000,10013.38300000,1636348499999,6375177.52710000,8958,5591.42900000,3560174.39960000,0
1636348500000,638.20000000,641.10000000,637.00000000,640.80000000,13266.73300000,1636349399999,8471969.00500000,10592,6804.11700000,4345578.99510000,0
1636349400000,640.70000000,643.10000000,640.00000000,642.30000000,14676.27300000,1636350299999,9419278.23790000,10665,7108.84800000,4562106.59140000,0
1636350300000,642.30000000,643.20000000,640.00000000,640.20000000,11813.86000000,1636351199999,7583320.04860000,10171,5715.43100000,3669540.23040000,0
1636351200000,640.20000000,642.70000000,640.00000000,642.00000000,9634.59900000,1636352099999,6182269.88580000,11636,4941.29000000,3170523.10180000,0
1636352100000,642.00000000,645.50000000,641.90000000,644.70000000,15107.46600000,1636352999999,9730433.59230000,14025,8478.57900000,5461016.64740000,0
1636353000000,644.60000000,648.80000000,643.20000000,648.50000000,21299.00800000,1636353899999,13752775.80300000,16276,11911.64500000,7691660.66550000,0
1636353900000,648.60000000,648.80000000,644.50000000,645.00000000,13914.29800000,1636354799999,8996654.78500000,14558,6612.87900000,4275330.34120000,0
1636354800000,645.10000000,647.30000000,644.90000000,646.10000000,10187.24000000,1636355699999,6584418.56480000,9206,5021.76500000,3245683.92960000,0
1636355700000,646.10000000,646.80000000,642.70000000,643.10000000,12730.33500000,1636356599999,8209606.77840000,10100,5767.21900000,3718640.24120000,0
1636356600000,643.10000000,643.20000000,640.40000000,642.40000000,12467.70200000,1636357499999,7997294.79030000,10094,6947.24800000,4456305.82620000,0
1636357500000,642.40000000,648.00000000,636.60000000,641.30000000,25637.19700000,1636358399999,16486954.65730000,16633,12659.08100000,8148937.22260000,0
1636358400000,641.40000000,643.90000000,641.30000000,642.40000000,12224.11500000,1636359299999,7856135.35080000,8440,5733.71400000,3685209.90100000,0
1636359300000,642.40000000,643.00000000,637.30000000,638.40000000,20184.50200000,1636360199999,12926022.98540000,11512,9014.21800000,5773412.36580000,0
1636360200000,638.40000000,638.50000000,631.00000000,636.20000000,31679.23400000,1636361099999,20138762.31740000,17999,14451.78900000,9190466.88650000,0
1636361100000,636.10000000,637.00000000,634.50000000,636.90000000,18949.00600000,1636361999999,12050455.70500000,11683,8128.05100000,5169672.06810000,0
1636362000000,636.90000000,637.90000000,634.40000000,635.00000000,14792.59000000,1636362899999,9411704.87370000,10602,6205.73600000,3948587.77340000,0
1636362900000,635.00000000,636.00000000,633.50000000,635.60000000,12049.69800000,1636363799999,7652678.62670000,10523,5724.72700000,3635832.04730000,0
1636363800000,635.60000000,637.30000000,635.20000000,636.40000000,9821.69300000,1636364699999,6249379.43800000,9637,4312.29500000,2744062.47950000,0
1636364700000,636.40000000,639.20000000,635.80000000,638.90000000,11141.60100000,1636365599999,7103212.93400000,9213,5570.16400000,3551426.17420000,0
1636365600000,638.90000000,644.30000000,638.70000000,642.90000000,21836.96600000,1636366499999,14010019.96290000,13649,11735.17600000,7529705.15300000,0
1636366500000,642.80000000,644.40000000,642.80000000,644.30000000,12507.98900000,1636367399999,8050345.37620000,9348,6480.47500000,4170964.26450000,0
1636367400000,644.20000000,646.20000000,643.70000000,644.10000000,12897.15700000,1636368299999,8320897.13550000,10401,7287.51200000,4702221.37610000,0
1636368300000,644.00000000,644.50000000,642.20000000,642.90000000,7478.51200000,1636369199999,4809892.89270000,7593,3849.07800000,2475818.13640000,0
1636369200000,643.00000000,643.90000000,641.00000000,642.00000000,9018.14600000,1636370099999,5792173.96730000,8518,4661.64400000,2994375.95850000,0
1636370100000,642.00000000,644.90000000,641.50000000,643.40000000,7455.43600000,1636370999999,4798531.14720000,7905,3571.15200000,2298504.68100000,0
1636371000000,643.40000000,644.10000000,642.40000000,643.00000000,6547.39200000,1636371899999,4211860.74570000,8010,3033.24200000,1951220.43250000,0
1636371900000,643.00000000,644.70000000,642.00000000,644.00000000,6588.67200000,1636372799999,4237749.52470000,7108,3308.22100000,2127932.41990000,0
1636372800000,644.10000000,644.20000000,641.00000000,641.70000000,7798.58000000,1636373699999,5009803.87690000,8373,4021.98900000,2584128.67410000,0
1636373700000,641.80000000,643.70000000,641.80000000,642.20000000,6984.83000000,1636374599999,4490071.12280000,7563,3302.40100000,2123009.87140000,0
1636374600000,642.10000000,643.70000000,642.00000000,642.70000000,7867.90300000,1636375499999,5057733.88510000,7111,4263.61800000,2740786.33480000,0
1636375500000,642.80000000,643.60000000,642.10000000,642.20000000,8085.17800000,1636376399999,5196813.57040000,7314,3827.67600000,2460239.00840000,0
1636376400000,642.30000000,644.50000000,642.20000000,643.10000000,10060.71100000,1636377299999,6477114.43060000,8917,4579.91800000,2948571.79390000,0
1636377300000,643.10000000,646.00000000,642.00000000,645.90000000,9604.98600000,1636378199999,6183180.69580000,8744,5325.02700000,3428852.66970000,0
1636378200000,645.90000000,646.00000000,642.10000000,643.10000000,10663.48700000,1636379099999,6869349.04170000,9633,5057.02900000,3257300.58230000,0
1636379100000,643.00000000,643.70000000,640.30000000,643.30000000,12522.56400000,1636379999999,8036903.08910000,9691,5859.75500000,3761157.85900000,0
1636380000000,643.40000000,654.90000000,642.40000000,652.10000000,32159.05900000,1636380899999,20884597.50520000,25157,15755.78200000,10229671.50840000,0
1636380900000,652.10000000,652.90000000,649.30000000,650.90000000,18172.82200000,1636381799999,11832668.96880000,13302,9440.11200000,6145997.50220000,0
1636381800000,650.80000000,652.00000000,644.40000000,646.10000000,21108.26700000,1636382699999,13673323.55520000,14860,10625.40300000,6882741.47290000,0
1636382700000,646.00000000,649.10000000,645.90000000,649.10000000,8841.07200000,1636383599999,5727376.80280000,9177,4775.71200000,3093820.48190000,0
1636383600000,649.10000000,654.40000000,648.10000000,654.10000000,18757.13300000,1636384499999,12233333.29470000,13250,9360.51500000,6104838.66520000,0
1636384500000,654.10000000,654.10000000,648.70000000,648.80000000,16424.14800000,1636385399999,10692955.63980000,12611,8128.03800000,5292120.62360000,0
1636385400000,648.90000000,651.20000000,648.50000000,650.60000000,10361.97900000,1636386299999,6731021.25470000,9071,5222.99700000,3393016.49600000,0
